9.6400000000000006,4.2904590000000002,3.9433409999999998,-0.22395300000000001
9.9800000000000004,4.3000030000000002,3.9367549999999998,-0.31748799999999999
10.84,4.309456,3.9381560000000002,-0.089455999999999994
12.44,4.3201510000000001,3.9435259999999999,-0.91215800000000002
12.390000000000001,4.3307330000000004,3.9425209999999997,-0.16622200000000001
11.98,4.3425060000000002,3.943225,0.12786900000000001
12.06,4.3567090000000004,3.9475119999999997,-0.102562
13.92,4.3694480000000002,3.9482970000000002,-0.58488200000000001
15.82,4.3832760000000004,3.9452219999999998,0.25607600000000003
13.300000000000001,4.3932139999999995,3.9248210000000001,-0.73117500000000002
9.3900000000000006,4.403054,3.8999280000000001,0.024596
8.1600000000000001,4.4127980000000004,3.887642,-0.089555999999999997
8.6500000000000004,4.4140100000000002,3.8810190000000002,0.093039999999999998
10.24,4.4212470000000001,3.883893,-0.041168999999999997
11.52,4.4296259999999998,3.8998680000000001,-0.073297000000000001
12.49,4.4391160000000003,3.9123410000000001,-0.29733500000000002
14.15,4.4496849999999997,3.9294519999999999,0.26446999999999998
14.880000000000001,4.4589879999999997,3.935349,-0.103086
14.08,4.4682040000000001,3.9297979999999999,0.32485700000000001
14.57,4.4773370000000003,3.925141,0.103979
13.710000000000001,4.4841319999999998,3.9303210000000002,-0.035854999999999998
14.32,4.4897590000000003,3.9260280000000001,0.50134299999999998
16.199999999999999,4.4964710000000006,3.9321510000000002,0.26379900000000001
14.859999999999999,4.50535,3.9367549999999998,0.42459200000000002
15.720000000000001,4.5163389999999994,3.9430200000000002,0.41209400000000002
16.719999999999999,4.5239599999999998,3.9429500000000002,0.23963799999999999
16.52,4.5336739999999995,3.9365949999999996,0.39655099999999999
15.380000000000001,4.5368909999999998,3.9295839999999997,0.57228999999999997
12.41,4.5411649999999995,3.918488,0.160274
12.85,4.5443579999999999,3.9073759999999997,0.54532800000000003
14.32,4.5475409999999998,3.8875009999999999,0.75689399999999996
14.73,4.5507140000000001,3.9068839999999998,0.45338099999999998
13.949999999999999,4.5507140000000001,3.8994629999999999,0.90809099999999998
13.98,4.553877,3.8907590000000001,0.69747999999999999
13.34,4.5633059999999999,3.8845700000000001,0.71209299999999998
14.07,4.5747109999999997,3.8812090000000001,0.64298100000000002
13.24,4.5798519999999998,3.878044,0.61346599999999996
11.43,4.5819020000000004,3.8696980000000001,-0.11334900000000001
10.85,4.5819020000000004,3.8662970000000003,0.47666399999999998
9.3200000000000003,4.5859870000000003,3.8576600000000001,0.12542700000000001
9.1600000000000001,4.5849669999999998,3.853745,0.499413
8.9100000000000001,4.5819020000000004,3.8464510000000001,0.69748200000000005
8.6199999999999992,4.5839470000000002,3.8654199999999999,0.328926
8.9199999999999999,4.5849669999999998,3.8593790000000001,0.26702199999999998
9.0399999999999991,4.5859870000000003,3.8677010000000003,0.215837
8.9800000000000004,4.5930980000000003,3.8797829999999998,0.119112
8.9000000000000004,4.5971380000000002,3.8866169999999998,-0.081389000000000003
9.6600000000000001,4.5991520000000001,3.892026,0.087245000000000003
10.199999999999999,4.6031680000000001,3.9071069999999999,-0.075867000000000004
10.529999999999999,4.6061700000000005,3.9179379999999999,-0.177673
10.16,4.6091620000000004,3.9330540000000003,-0.047112000000000001
9.8100000000000005,4.6131380000000002,3.9411079999999998,-0.065369999999999998
9.9399999999999995,4.6161099999999999,3.9441860000000002,0.047044999999999997
10.109999999999999,4.6190730000000002,3.949284,0.129582
9.9000000000000004,4.625953,3.9693310000000004,0.057238999999999998
10.039999999999999,4.6308379999999998,3.9742709999999999,-0.050521999999999997
10.59,4.6337580000000003,3.9789019999999997,0.030464999999999999
10.9,4.6376369999999998,3.9850560000000002,0.14730599999999999
11.66,4.6395720000000003,3.9899979999999999,-0.28567900000000002
12.08,4.641502,3.9935390000000002,-0.0060049999999999999
12.029999999999999,4.6453519999999999,3.9968400000000002,-0.120269
11.82,4.6482299999999999,3.9976020000000001,0.221358
11.58,4.6510989999999994,3.9960070000000001,-0.017891000000000001
10.9,4.6549119999999995,3.9946570000000001,-0.23375499999999999
9.8200000000000003,4.6568130000000005,3.998443,-0.067831000000000002
9.3300000000000001,4.6587110000000003,3.9994860000000001,0.001616
9.0199999999999996,4.6606050000000003,3.997064,-0.074954999999999994
9.2899999999999991,4.6662650000000001,4.0013199999999998,-0.095077999999999996
9.8599999999999994,4.6709579999999997,4.0025250000000003,0.13864299999999999
9.1400000000000006,4.6728290000000001,4.0001029999999993,-0.029021000000000002
8.4600000000000009,4.674696,4.001366,-0.19403699999999999
7.7999999999999998,4.6774909999999998,4.0020670000000003,0.21243899999999999
7.8600000000000003,4.6793500000000003,3.9951139999999996,0.134211
8.0500000000000007,4.6812050000000003,3.9995229999999999,0.146921
8.0700000000000003,4.6830569999999998,4.0037500000000001,0.25098399999999998
8.0099999999999998,4.68675,3.9997340000000001,0.29474499999999998
7.8799999999999999,4.6913479999999996,4.0031540000000003,0.29036000000000001
7.6699999999999999,4.6959249999999999,4.013395,0.032191999999999998
7.7300000000000004,4.6995710000000006,4.0182880000000001,0.33818700000000002
7.6100000000000003,4.697749,4.010961,-0.28549000000000002
7.0300000000000002,4.6922649999999999,4.0046480000000004,0.58569000000000004
6.4400000000000004,4.6885919999999999,4.0053330000000003,0.54437000000000002
6.6500000000000004,4.6913479999999996,4.0070800000000002,0.030158000000000001
6.7300000000000004,4.695011,4.0038600000000004,0.022068000000000001
6.2699999999999996,4.6959249999999999,4.010294,0.77326399999999995
5.9299999999999997,4.6968369999999995,4.0081369999999996,0.70852000000000004
5.7699999999999996,4.7004799999999998,4.0098719999999997,0.31400499999999998
5.7199999999999998,4.7022969999999997,4.0144570000000002,0.54546300000000003
5.7999999999999998,4.70411,4.019075,0.66925500000000004
5.8700000000000001,4.7077270000000002,4.0277859999999999,0.69904100000000002
5.7800000000000002,4.7131270000000001,4.0245429999999995,0.55411600000000005
5.96,4.7167120000000002,4.0373860000000006,0.63077899999999998
6.0300000000000002,4.7202830000000002,4.0389530000000002,0.51899200000000001
6.5,4.724729,4.0449340000000005,-0.38430700000000001
7,4.7273880000000004,4.0517500000000002,0.25917499999999999
6.7999999999999998,4.7318030000000002,4.0569899999999999,0.24407599999999999
6.6799999999999997,4.7344420000000005,4.0633800000000004,0.48499500000000001
7.0300000000000002,4.7388269999999997,4.0705860000000005,0.46998699999999999
7.6699999999999999,4.7423200000000003,4.0732400000000002,0.49270599999999998
7.5899999999999999,4.7449320000000004,4.0882930000000002,-0.843692
6.96,4.7484039999999998,4.0935839999999999,0.26465100000000003
7.1699999999999999,4.7501360000000004,4.0982349999999999,0.0067149999999999996
6.9900000000000002,4.75359,4.0986690000000001,-0.18142800000000001
6.6399999999999997,4.7553130000000001,4.102716,0.228407
6.71,4.7578909999999999,4.1050800000000001,-0.048410000000000002
7.0099999999999998,4.7638819999999997,4.1103800000000001,0.0018749999999999999
7.4000000000000004,4.766438,4.1095170000000003,0.049412999999999999
7.4900000000000002,4.7706849999999994,4.1119650000000005,0.093573000000000003
7.75,4.7749130000000006,4.1132689999999998,-0.23056499999999999
8.1699999999999999,4.7791239999999995,4.11747,-0.014694
8.0899999999999999,4.7833160000000001,4.1140330000000001,0.146262
8.1099999999999994,4.7866580000000001,4.1192570000000002,0.236986
8.4800000000000004,4.7899890000000003,4.120978,0.101988
8.9900000000000002,4.7933079999999997,4.1253229999999999,0.23072999999999999
9.0500000000000007,4.7974420000000002,4.1279000000000003,0.13814599999999999
9.25,4.8007369999999998,4.1237219999999999,-0.0040899999999999999
9.5700000000000003,4.8056590000000003,4.1265359999999998,0.28059899999999999
9.3599999999999994,4.8129969999999993,4.1269309999999999,0.50670999999999999
8.9800000000000004,4.8178590000000003,4.1202300000000003,0.22786500000000001
8.4399999999999995,4.8210879999999996,4.1208479999999996,0.40804299999999999
7.8899999999999997,4.824306,4.1111709999999997,0.64117400000000002
8.1799999999999997,4.824306,4.119796,0.35224699999999998
8.2200000000000006,4.8267119999999997,4.1172390000000005,0.37395099999999998
7.9900000000000002,4.8315089999999996,4.1161599999999998,0.274534
7.7699999999999996,4.8354880000000007,4.1191800000000001,0.46382200000000001
7.7199999999999998,4.83866,4.1250470000000004,0.40633399999999997
7.9199999999999999,4.8481160000000001,4.1189689999999999,0.121781
8.1099999999999994,4.8520300000000001,4.1282690000000004,0.24180399999999999
8.3499999999999996,4.8567070000000001,4.133629,0.34957300000000002
8.4000000000000004,4.8590369999999998,4.132314,-0.029281000000000001
8.3200000000000003,4.8605869999999998,4.1342430000000006,-0.071916999999999995
8.0999999999999996,4.866765,4.1374469999999999,0.035864
7.9400000000000004,4.8713730000000002,4.1359949999999994,0.0065279999999999999
7.7800000000000002,4.8797670000000002,4.138833,-0.269673
7.7599999999999998,4.8865829999999999,4.140822,-0.051052
7.5499999999999998,4.8933520000000001,4.133222,0.099413000000000001
7.3099999999999996,4.8955979999999997,4.1210240000000002,0.25854199999999999
7.0499999999999998,4.8993310000000001,4.1140359999999996,0.192606
6.6399999999999997,4.9030500000000004,4.1096269999999997,0.22076000000000001
6.2699999999999996,4.9037920000000002,4.1031900000000006,0.139982
6.4000000000000004,4.9037920000000002,4.0979780000000003,0.095124
6.2400000000000002,4.906015,4.099621,0.092675999999999994
6.1299999999999999,4.9097089999999994,4.1096269999999997,0.106881
6.3600000000000003,4.912655,4.1193819999999999,0.033201000000000001
6.3099999999999996,4.9141240000000002,4.1191199999999997,0.115509
5.7800000000000002,4.9170569999999998,4.1206119999999995,0.074945999999999999
5.5700000000000003,4.9199809999999999,4.1292900000000001,0.088651999999999995
5.3300000000000001,4.9214400000000005,4.1271009999999997,0.086013999999999993
4.8899999999999997,4.9258040000000003,4.1260209999999997,0.095895999999999995
4.3799999999999999,4.9287020000000004,4.1223679999999998,0.027289999999999998
4.1500000000000004,4.9294250000000002,4.1160770000000007,-0.038976999999999998
4.29,4.9315920000000002,4.1238529999999995,-0.013051999999999999
4.6299999999999999,4.9351929999999999,4.1317740000000001,-0.03771
4.2999999999999998,4.9373469999999999,4.1388810000000005,-0.014590000000000001
4.1900000000000004,4.9394970000000002,4.1424329999999996,-0.096207000000000001
4.1699999999999999,4.9423570000000003,4.1423740000000002,-0.14884800000000001
3.6000000000000001,4.945208,4.1509850000000004,-0.23342499999999999
3.4700000000000002,4.9473399999999996,4.1459669999999997,-0.063198000000000004
3.1800000000000002,4.9494690000000006,4.1481189999999994,0.010572
3.2999999999999998,4.9537119999999994,4.1559160000000004,0.00071400000000000001
3.6800000000000002,4.956531,4.1600840000000003,0.050681999999999998
3.71,4.9579379999999995,4.1603209999999997,0.082521999999999998
3.5,4.9614450000000003,4.1652499999999995,0.034130000000000001
3.3900000000000001,4.9635439999999997,4.1689220000000002,-0.011742000000000001
3.3300000000000001,4.9649400000000004,4.1685460000000001,0.00053200000000000003
3.2400000000000002,4.9684230000000005,4.1715520000000001,0.0050229999999999997
3.3599999999999999,4.9712009999999998,4.1680349999999997,-0.010239
3.54,4.971895,4.1701119999999996,-0.092369000000000007
3.4700000000000002,4.9732789999999998,4.1731790000000002,-0.098520999999999997
3.4399999999999999,4.9753530000000001,4.1727780000000001,-0.126471
3.3599999999999999,4.9767340000000004,4.1774930000000001,-0.038514
3.3900000000000001,4.9808630000000003,4.1848279999999995,-0.111725
3.5800000000000001,4.9836070000000001,4.1888670000000001,-0.16955799999999999
3.6099999999999999,4.9856590000000001,4.1938940000000002,-0.200074
3.54,4.9856590000000001,4.1979059999999997,-0.269455
3.8700000000000001,4.9883899999999999,4.1984180000000002,-0.45917799999999998
4.3200000000000003,4.9911130000000004,4.2086439999999996,-0.35049200000000003
4.8200000000000003,4.9917920000000002,4.2139440000000006,-0.320025
5.3099999999999996,4.9938279999999997,4.2194200000000004,-0.31952199999999997
5.2699999999999996,4.9965359999999999,4.2260450000000001,-0.36392000000000002
5.4800000000000004,4.999911,4.2276229999999995,-0.32366800000000001
5.5599999999999996,5.003946,4.233295,-0.29678300000000002
5.7599999999999998,5.0059579999999997,4.2364679999999995,-0.42853999999999998
6.1100000000000003,5.0066269999999999,4.2451600000000003,-0.32665899999999998
6.54,5.0093009999999998,4.2515320000000001,-0.30398999999999998
7.1399999999999997,5.0113019999999997,4.2619160000000003,-0.25307400000000002
7.0499999999999998,5.0139630000000004,4.2638639999999999,-0.27313199999999999
6.7000000000000002,5.0166170000000001,4.2632279999999998,-0.32719599999999999
6.4299999999999997,5.0186039999999998,4.2648239999999999,-0.32960699999999998
6.2699999999999996,5.022564,4.2643950000000004,-0.25970100000000002
6,5.0245379999999997,4.2670269999999997,-0.40186300000000003
5.6399999999999997,5.0265079999999998,4.2706720000000002,-0.18721099999999999
5.5899999999999999,5.0278200000000002,4.2668150000000002,-0.34660299999999999
5.75,5.0297840000000003,4.279903,-0.24887300000000001
5.6200000000000001,5.031091,4.2835890000000001,-0.20741299999999999
5.5899999999999999,5.0337009999999998,4.2818110000000003,-0.178842
5.4299999999999997,5.0350029999999997,4.2843960000000001,-0.095935999999999994
5.3099999999999996,5.0363030000000002,4.2882579999999999,-0.087708999999999995
5.0899999999999999,5.0414880000000002,4.281644,-0.116741
4.9400000000000004,5.043425,4.2974700000000006,-0.33001900000000001
5.3399999999999999,5.046646,4.2959160000000001,-0.340443
5.54,5.050497,4.3042559999999996,-0.29427300000000001
5.6399999999999997,5.0524170000000002,4.3111980000000001,-0.32736199999999999
5.8099999999999996,5.0543329999999997,4.3200529999999997,-0.303977
5.8499999999999996,5.0562459999999998,4.3187299999999995,-0.373247
5.6699999999999999,5.0575190000000001,4.3252190000000006,-0.43653399999999998
5.8300000000000001,5.0606949999999999,4.3305160000000003,-0.424425
5.5499999999999998,5.06386,4.3305579999999999,-0.38140600000000002
5.4199999999999999,5.0670159999999997,4.3387419999999999,-0.34966199999999997
5.4699999999999998,5.0695329999999998,4.3451369999999994,-0.44294299999999998
5.6100000000000003,5.0714170000000003,4.3462700000000005,-0.35026200000000002
5.5300000000000002,5.0732970000000002,4.3583189999999998,-0.485871
5.7999999999999998,5.0739229999999997,4.3659739999999996,-0.51208399999999998
5.9900000000000002,5.0745490000000002,4.366422,-0.438469
5.8700000000000001,5.0745490000000002,4.3732990000000003,-0.43648100000000001
5.6900000000000004,5.0764230000000001,4.3778129999999997,-0.50729000000000002
5.54,5.0776710000000005,4.3838949999999999,-0.52586200000000005
5.5599999999999996,5.0801610000000004,4.3970589999999996,-0.50102800000000003
5.5199999999999996,5.0826459999999996,4.4057310000000003,-0.59914100000000003
5.46,5.0845050000000001,4.412547,-0.47386
5.46,5.0857429999999999,4.4213950000000004,-0.39691700000000002
5.5300000000000002,5.0863610000000001,4.4249410000000005,-0.453156
5.2400000000000002,5.0875959999999996,4.4298760000000001,-0.37401800000000002
5.3099999999999996,5.0875959999999996,4.4307639999999999,-0.35329300000000002
5.3899999999999997,5.0875959999999996,4.431419,-0.40252199999999999
5.3799999999999999,5.0888299999999997,4.4352210000000003,-0.47614899999999999
5.4400000000000004,5.0912930000000003,4.4419019999999998,-0.43583100000000002
5.4100000000000001,5.0925229999999999,4.4360489999999997,-0.42187400000000003
5.3600000000000003,5.0949770000000001,4.4317899999999995,-0.38560499999999998
5.21,5.0962009999999998,4.452782,-0.040715000000000001
4.71,5.096813,4.4495630000000004,-0.103384
4.1200000000000001,5.0992569999999997,4.457471,0.00044099999999999999
4.5300000000000002,5.1004759999999996,4.4565950000000001,0.029069999999999999
4.5199999999999996,5.102303,4.4601350000000002,-0.106692
4.5099999999999998,5.1041259999999999,4.4646030000000003,-0.12493799999999999
4.7000000000000002,5.1041259999999999,4.4689299999999994,-0.35234100000000002
4.7800000000000002,5.1047329999999995,4.4710719999999995,-0.27531800000000001
4.6900000000000004,5.1113850000000003,4.4733800000000006,-0.27951599999999999
4.8499999999999996,5.1119880000000002,4.4807799999999993,-0.27965800000000002
5.0999999999999996,5.1119880000000002,4.4788639999999997,-0.213867
5.0300000000000002,5.1161959999999995,4.4856210000000001,-0.148228
5.2000000000000002,5.1185930000000006,4.4898069999999999,-0.147479
5.25,5.1227729999999996,4.4870109999999999,-0.0041590000000000004
5.4299999999999997,5.1245590000000005,4.4997210000000001,-0.040453999999999997
5.5499999999999998,5.1263419999999993,4.5047090000000001,-0.078502000000000002
5.8399999999999999,5.1287149999999997,4.5126429999999997,-0.31290099999999998
6.1200000000000001,5.131672,4.5134189999999998,-0.12087000000000001
6.2199999999999998,5.1357979999999994,4.5171939999999999,-0.10413
6.2199999999999998,5.1416639999999996,4.5211819999999996,0.153359
6.1500000000000004,5.1410780000000003,4.5274270000000003,0.32984599999999997
6.3300000000000001,5.1428330000000004,4.5289280000000005,0.49883499999999997
6.1699999999999999,5.1486569999999992,4.5295040000000002,0.54952999999999996
6.0800000000000001,5.1515560000000002,4.5271910000000002,0.60797199999999996
6.1799999999999997,5.1515560000000002,4.5245229999999994,0.76417999999999997
6.1299999999999999,5.1567539999999994,4.5293740000000007,0.81664400000000004
6.0099999999999998,5.15848,4.5248650000000001,1.2520610000000001
6.0899999999999999,5.1602040000000002,4.5247419999999998,1.288705
5.5999999999999996,5.1624980000000003,4.5215490000000003,1.360387
4.8099999999999996,5.1682090000000009,4.5143329999999997,0.90969999999999995
4.6799999999999997,5.1704840000000001,4.5082909999999998,0.93511500000000003
4.2999999999999998,5.1710519999999995,4.5055730000000001,0.97314299999999998
3.98,5.1727540000000003,4.5027870000000005,0.77221899999999999
3.7799999999999998,5.1778430000000002,4.4954960000000002,0.68665699999999996
3.5800000000000001,5.1800959999999998,4.4887899999999998,0.97603200000000001
3.6200000000000001,5.178407,4.4843729999999997,0.56316500000000003
3.4700000000000002,5.178407,4.4818020000000001,0.60858000000000001
2.8199999999999998,5.1823450000000006,4.4785349999999999,0.99834500000000004
2.3300000000000001,5.1795340000000003,4.4736229999999999,0.86524800000000002
2.1800000000000002,5.1789700000000005,4.4682139999999997,-0.42783599999999999
2.2200000000000002,5.178407,4.4684609999999996,0.359763
2.1600000000000001,5.1800959999999998,4.4746059999999996,0.50076699999999996
2.23,5.1817830000000002,4.4742059999999997,0.71221000000000001
2.5699999999999998,5.1845889999999999,4.4815870000000002,0.26671099999999998
2.48,5.1890610000000006,4.4857630000000004,0.38547799999999999
2.3500000000000001,5.190175,4.4909100000000004,0.41424899999999998
2.2000000000000002,5.1907320000000006,4.5006370000000002,0.75176200000000004
1.96,5.1929569999999998,4.4972770000000004,1.168366
1.76,5.1957309999999994,4.4986509999999997,1.19177
1.72,5.1973909999999997,4.4991710000000005,1.3052790000000001
1.6499999999999999,5.1996010000000004,4.4958530000000003,1.110808
1.49,5.2012549999999997,4.5013139999999998,0.78456800000000004
1.45,5.2029069999999997,4.4967930000000003,0.66198100000000004
1.3600000000000001,5.2072979999999998,4.503762,0.58920399999999995
1.3,5.2127590000000001,4.5074509999999997,0.39467400000000002
1.24,5.2143920000000001,4.5054610000000004,-0.15352199999999999
1.27,5.2105790000000001,4.4972490000000001,-0.138374
1.1799999999999999,5.2089400000000001,4.4971120000000004,-0.85425899999999999
1.01,5.210032,4.4971969999999999,-0.56120899999999996
1.1200000000000001,5.2133040000000008,4.5007169999999999,-1.32735
1.3100000000000001,5.2176499999999999,4.4995240000000001,-0.22506699999999999
1.24,5.2208959999999998,4.505585,-0.69479500000000005
1.25,5.2198149999999996,4.5052219999999998,-0.54341200000000001
1.3400000000000001,5.2203560000000007,4.512759,-0.54005300000000001
1.3100000000000001,5.2230550000000004,4.5119349999999994,-0.49321999999999999
1.24,5.2273580000000006,4.5148469999999996,-0.71141799999999999
1.24,5.2295029999999993,4.5204880000000003,-0.28672799999999998
1.1899999999999999,5.231643,4.5151139999999996,-0.53386500000000003
1.4299999999999999,5.2332449999999993,4.5191800000000004,-0.74057300000000004
1.78,5.2375049999999996,4.526421,-0.323436
2.1200000000000001,5.2412179999999999,4.5184769999999999,-0.333673
2.1000000000000001,5.2422760000000004,4.5262799999999999,-0.30648199999999998
2.02,5.2428049999999997,4.5280550000000002,-0.461368
2.1200000000000001,5.2459709999999999,4.5284579999999997,-0.598777
2.23,5.2512259999999999,4.5379610000000001,-0.57480900000000001
2.5,5.2559310000000004,4.539955,-0.70104699999999998
2.6699999999999999,5.2559310000000004,4.5466879999999996,-0.85372999999999999
2.8599999999999999,5.2554100000000004,4.5507929999999996,-0.80686199999999997
3.0299999999999998,5.2595759999999991,4.5570460000000006,-1.0920799999999999
3.2999999999999998,5.2632079999999997,4.5564239999999998,-0.73068900000000003
3.3199999999999998,5.2663099999999998,4.5573030000000001,-0.53510999999999997
3.3300000000000001,5.2657939999999996,4.559126,-0.386019
3.3599999999999999,5.2663099999999998,4.5633059999999999,-0.56438600000000005
3.6400000000000001,5.2724869999999999,4.5619329999999998,-0.65374200000000005
3.8700000000000001,5.2786249999999999,4.5631849999999998,-0.72100500000000001
3.8500000000000001,5.2922990000000008,4.5434580000000002,-0.55572299999999997
4.1799999999999997,5.2938070000000002,4.5558120000000004,-0.45513399999999998
4.3300000000000001,5.2887719999999998,4.5655190000000001,-0.38656800000000002
4.3499999999999996,5.2887719999999998,4.5712020000000004,-0.394374
4.4500000000000002,5.2948109999999993,4.5721720000000001,-0.45740700000000001
4.6799999999999997,5.2953130000000002,4.5729759999999997,-0.34859699999999999
4.7699999999999996,5.2968159999999997,4.575475,-0.51582499999999998
4.9000000000000004,5.301812,4.5793379999999999,-0.52981500000000004
5,5.3047959999999996,4.5782259999999999,-0.400727
5.1600000000000001,5.307277,4.5820699999999999,-0.449069
5.2199999999999998,5.3127129999999996,4.582554,-0.37863400000000003
5.0800000000000001,5.3171390000000001,4.5846210000000003,-0.42324499999999998
4.9699999999999998,5.3122199999999999,4.5833029999999999,-0.52298800000000001
5.0099999999999998,5.3077719999999999,4.5823640000000001,-0.54009300000000005
5.0099999999999998,5.3082680000000009,4.5812010000000001,-0.52447999999999995
4.9400000000000004,5.3136990000000006,4.5913900000000005,-0.66160699999999995
5.0599999999999996,5.3153560000000004,4.5866069999999999,-0.67833100000000002
5.0499999999999998,5.3192269999999997,4.5977009999999998,-0.73568900000000004
4.9199999999999999,5.3244140000000009,4.5984429999999996,-0.48583999999999999
4.9299999999999997,5.3274099999999995,4.6056819999999998,-0.48502800000000001
4.9100000000000001,5.3315340000000004,4.6062789999999998,-0.736344
4.96,5.3338480000000006,4.6063279999999995,-0.49532399999999999
4.96,5.3356269999999997,4.6066039999999999,-0.084556000000000006
4.4699999999999998,5.3359360000000002,4.6078660000000005,0.082752999999999993
4.1399999999999997,5.3401639999999997,4.6122930000000002,-0.001109
4.0999999999999996,5.3432430000000002,4.6073909999999998,-0.081753000000000006
3.5,5.3510709999999992,4.6131909999999996,0.214839
3.2599999999999998,5.3539649999999996,4.6133370000000005,0.38547500000000001
2.71,5.3574069999999994,4.6101359999999998,0.67884
2.0499999999999998,5.3598220000000003,4.608174,0.84825799999999996
1.54,5.3633929999999994,4.6052480000000005,1.0914710000000001
1.74,5.3657050000000002,4.5974130000000004,0.59477999999999998
2.0600000000000001,5.3716049999999997,4.5927449999999999,0.628826
2.4199999999999999,5.3820290000000002,4.5907049999999998,0.70485600000000004
2.2799999999999998,5.3891450000000001,4.5861729999999996,1.056176
2.1800000000000002,5.3876549999999996,4.5700159999999999,1.1503680000000001
1.9099999999999999,5.3885100000000001,4.5269870000000001,1.494335
1.4199999999999999,5.379874,4.5352300000000003,2.9709449999999999
1.0700000000000001,5.3620100000000006,4.5235729999999998,2.0014120000000002
0.48999999999999999,5.3537429999999997,4.4949440000000003,2.23929
0.44,5.3563599999999996,4.4721880000000001,2.1762830000000002
0.62,5.3604609999999999,4.4657600000000004,2.6019589999999999
0.64000000000000001,5.3590499999999999,4.4502800000000002,2.1323629999999998
0.55000000000000004,5.3596810000000001,4.441865,1.926129
0.5,5.3612829999999994,4.4316110000000002,0.983595
0.51000000000000001,5.3696659999999996,4.4279219999999997,0.63275099999999995
0.47999999999999998,5.3693349999999995,4.436534,0.078030000000000002
0.46000000000000002,5.3726919999999998,4.4470109999999998,-0.228104
0.40000000000000002,5.3747230000000004,4.4538029999999997,-0.14400399999999999
0.37,5.3775070000000005,4.4569380000000001,-0.348584
0.31,5.3806570000000002,4.4617550000000001,-0.15149199999999999
0.37,5.3815779999999993,4.4664089999999996,-0.56973399999999996
0.34999999999999998,5.382098,4.4769269999999999,-0.229574
0.34999999999999998,5.3815369999999998,4.4807639999999997,0.036576999999999998
0.40000000000000002,5.3816470000000001,4.4883049999999995,-0.093995999999999996
0.45000000000000001,5.3811910000000003,4.4916359999999997,-0.22701299999999999
0.37,5.3809560000000003,4.5072859999999997,-0.17730299999999999
0.32000000000000001,5.3814120000000001,4.5094779999999997,-0.040396000000000001
0.28999999999999998,5.3830719999999994,4.5153100000000004,0.16767000000000001
0.26000000000000001,5.3845869999999998,4.5179669999999996,-0.48936299999999999
0.26000000000000001,5.3859569999999994,4.5205149999999996,-0.085990999999999998
0.23000000000000001,5.3890530000000005,4.5170870000000001,-0.035421000000000001
0.25,5.3912199999999997,4.519781,-0.155059
0.28999999999999998,5.395753,4.5296110000000001,-0.40317199999999997
0.27000000000000002,5.398466,4.528384,0.081906999999999994
0.28999999999999998,5.4022630000000005,4.5236869999999998,-0.217003
0.26000000000000001,5.4076469999999999,4.5338209999999997,-0.25032599999999999
0.25,5.4111060000000002,4.528035,-0.21637300000000001
0.19,5.4149760000000002,4.5316590000000003,-0.084544999999999995
0.17999999999999999,5.4164120000000002,4.5334310000000002,0.081980999999999998
0.19,5.4187370000000001,4.5391240000000002,-0.020915
0.11,5.4213620000000002,4.5445830000000003,-0.25042399999999998
0.10000000000000001,5.4238610000000005,4.5456490000000001,0.28926800000000003
0.11,5.4237509999999993,4.5512139999999999,-0.306556
0.11,5.4251660000000008,4.5534539999999994,0.38204900000000003
0.12,5.425554,4.5593770000000005,0.10295
0.12,5.4276119999999999,4.5663869999999998,0.030120999999999998
0.16,5.4304549999999994,4.5712739999999998,-0.121284
0.19,5.4335029999999991,4.565798,-0.52998900000000004
0.17999999999999999,5.4335080000000007,4.5732379999999999,-0.36721300000000001
0.19,5.4321839999999995,4.5757849999999998,-0.35084700000000002
0.19,5.4333900000000002,4.5760730000000001,-0.067985000000000004
